<beans xmlns="http://www.springframework.org/schema/beans"
xmlns:xsi="http://www.w3.org/2001/XMLSchema-instance"
xmlns:context="http://www.springframework.org/schema/context"
xmlns:task="http://www.springframework.org/schema/task"
xsi:schemaLocation="http://www.springframework.org/schema/beans
http://www.springframework.org/schema/beans/spring-beans-3.0.xsd
http://www.springframework.org/schema/context http://www.springframework.org/schema/context/springcontext.xsd 
http://www.springframework.org/schema/task
http://www.springframework.org/schema/task/spring-task.xsd">
<bean class="org.springframework.beans.factory.config.PropertyPlaceholderConfigurer">
    <property name="location" value="classpath:/application.properties"/>
</bean>

<bean id="dataSource" class="org.springframework.jdbc.datasource.DriverManagerDataSource">  
<property name="driverClassName" value="${mysql.driver_class}" />  
<property name="url" value="${mysql.url}" />  
<property name="username" value="${mysql.username}" />  
<property name="password" value="${mysql.password}" />  
</bean>  
<bean id="jdbcTemplate" class="org.springframework.jdbc.core.JdbcTemplate">  
<property name="dataSource" ref="dataSource"></property>  
</bean>  
  
<bean id="SchedulerTasks" class="com.stu.scheduler.SchedulerWork" >
<property name="dataSource" ref="dataSource"></property>
<property name="jdbcTemplate" ref="jdbcTemplate"></property>

</bean>


<task:scheduler id="taskScheduler" pool-size="10" />

<task:scheduled-tasks>
<task:scheduled ref="SchedulerTasks" method="xmlCronTask"  cron="0 0/2 9-23 * * *"/>
<task:scheduled ref="SchedulerTasks" method="insertReaderObj"  cron="0 0/1 * * * *"/>
</task:scheduled-tasks>


</beans>
