<beans xmlns="http://www.springframework.org/schema/beans"
	xmlns:xsi="http://www.w3.org/2001/XMLSchema-instance" xmlns:context="http://www.springframework.org/schema/context"
	xmlns:task="http://www.springframework.org/schema/task"
	xsi:schemaLocation="http://www.springframework.org/schema/beans http://www.springframework.org/schema/beans/spring-beans-4.0.xsd
        					http://www.springframework.org/schema/context http://www.springframework.org/schema/context/spring-context-4.0.xsd
        					http://www.springframework.org/schema/task http://www.springframework.org/schema/task/spring-task-4.0.xsd">

<bean id="runMeTask" class="com.message.schedule.RunMeTask" /> 
 <bean id="constructCronExpression" class="com.message.controller.MessageController"
 	factory-method="constructCronExpression"  />
	
<!-- Spring Quartz --> 
<bean name="runMeJob" class="org.springframework.scheduling.quartz.JobDetailBean"> 
	<property name="jobClass" value="com.message.schedule.RunMeJob" /> 
	<property name="jobDataAsMap"> 
		<map> 
			<entry key="runMeTask" value-ref="runMeTask" /> 
		</map> 
	</property> 
</bean> 

<!-- Cron Trigger, run every 5 seconds --> 
<bean id="cronTrigger" class="org.springframework.scheduling.quartz.CronTriggerBean"> 
	<property name="jobDetail" ref="runMeJob" /> 
	   <!-- <property name="cronExpression" value="0/5 * * * * ?" />  -->
	 <property name="cronExpression"  ref="constructCronExpression"/>  
</bean> 

<bean class="org.springframework.scheduling.quartz.SchedulerFactoryBean"> 
	<property name="jobDetails"> 
		<list> 
			<ref bean="runMeJob" /> 
		</list> 
	</property> 
	<property name="triggers"> 
		<list> 
			<ref bean="cronTrigger" /> 
		</list> 
	</property> 
</bean> 

</beans> 